{
    "ecommerce": "Discover the Perfect Gift: Elegant Red Roses\n\nIntroducing our exquisite collection of fresh, vibrant red roses. Each stem is handpicked and expertly arranged to ensure they capture the essence of love and celebration. These beautiful bouquets are the perfect gift for any special occasion, from anniversaries to Valentine's Day, birthdays to graduations, or simply as a romantic gesture.\n\nOur red roses are not just aesthetically pleasing but also carry deep symbolic meanings. They represent love, passion, and affection, making them the ultimate token of appreciation for the ones we care about most.\n\nWhether you're looking to express your feelings or to brighten someone's day with a touch of nature's beauty, our red roses are the perfect choice. With their rich, velvety petals and lush green leaves, these bouquets will surely leave a lasting impression.\n\nWhy settle for just any gift when you can give something as timeless and meaningful as a bouquet of red roses? Place your order today and experience the joy that fresh flowers can bring to your life and the lives of those around you. Don't miss out on this opportunity to make someone's day with these magnificent roses.",
    "xiaohongshu": "\"Embrace the warmth of love with these vibrant red roses! Perfect for any special occasion or simply as a thoughtful gesture. They'll bring a smile to their face and brighten up your day. #Roses #GiftsOfLove #SpecialOccasions #FlowerPower \ud83c\udf37\ud83d\udcab\ud83d\udc95\"",
    "instagram": "\"A bouquet of love and affection, straight from the heart. \ud83c\udf39\u2764\ufe0f #LoveLanguages #GiftOfRoses\"",
    "seo": "Introducing a captivating bouquet of red roses, elegantly arranged in a heart shape for that special someone. Our luxurious long stem roses with their rich, deep hue evoke love and romance, making them the perfect gift for any occasion. Whether you're celebrating an anniversary, expressing gratitude, or simply showing your affection, this bouquet is sure to make a lasting impression. The roses are carefully selected and arranged by our team of floral experts, ensuring that every bloom adds to the overall beauty and impact of the arrangement. Each rose in this bouquet is in perfect condition, ready for delivery, with various options available including same-day delivery or personalized messages. Experience the joy and warmth that a thoughtful bouquet of red roses can bring - order now and let your loved ones know how much you care!",
    "bullets": "1. The image displays a bouquet of red roses.\n2. There are at least twelve roses in the bouquet.\n3. The roses are tightly arranged in a bunch, with their petals fully spread out.\n4. The background is plain and does not distract from the flowers.\n5. There are no visible texts or brands in the image."
}