{
    "ecommerce": "\"Des roses rouges parfaites pour votre amie ou votre ch\u00e9rie, livr\u00e9es expresso. Les plus beaux bouquets de roses en vente maintenant ! Offrez une fleur de beaut\u00e9 et une \u00e9motion pure \u00e0 celle qui vous aime.\"",
    "xiaohongshu": "Bonjour \u00e0 tous mes amis !\n Partido-vous \u00e0 mon amie de la famille, qui m'a envoy\u00e9 ces magnifiques roses rouges. Ce qui rend ce cadeau encore plus sp\u00e9cial est le fait qu'il s'agit d'un bouquet offert pour la journ\u00e9e des parents en tant que remerciement pour leur soutien. Merci pour cette flamme incendiaire de tendresse, elle est un parfait exemple de l'affection que je tiens \u00e0 mes parents et \u00e0 ma famille. #rosesrouges #famille #parentalove",
    "instagram": "\"Roses are red, violets are blue, but my heart is wild for the beauty of nature's palette in this bouquet! #NatureLove #FlowerPower #InstaBeauty\"",
    "seo": "Bienvenue \u00e0 notre magasin de fleurs en ligne, o\u00f9 vous trouverez des bouquets de roses parfaits pour tous les occasions. Notre s\u00e9lection est vaste et vari\u00e9e, avec des roses fra\u00eeches et d'excellente qualit\u00e9, disponibles dans diff\u00e9rentes couleurs et tailles. Les rouges les plus sombres donnent une \u00e9motion profonde, tandis que les rouges plus clairs rappellent l'amour et la puret\u00e9. Nous offrons \u00e9galement des options de d\u00e9coration pour personnaliser vos bouquets et rendre votre cadeau encore plus sp\u00e9cial. En choisissant chez nous, vous serez certain de recevoir une floriste qui refl\u00e9tera parfaitement l'affection que vous souhaitez exprimer. Achetez-vous des roses d\u00e8s maintenant et prenez le temps de les admirer avant de les offrir \u00e0 votre amour pour un jour de c\u00e9l\u00e9bration ou une simple surprise.",
    "bullets": "Sure, here are five bullet points with French descriptions for the image of red roses:\n\n1. Le fleuve de rose \u00e0 droite : \"Roses rouges qui sont plac\u00e9es sur la droite.\" (Red roses that are placed to the right.)\n2. Les boutons de rose au centre : \"Les boutons de rose situ\u00e9s au centre.\" (The rose buttons in the center.)\n3. Le nombre de fleuves : \"Le nombre total des fleuves est de 15.\" (There are a total of 15 roses.)\n4. Les p\u00e9tales des roses : \"Les p\u00e9tales de la rose sont entour\u00e9es d'eau.\" (The petals of the rose are surrounded by water.)\n5. L'emplacement actuel des fleuves : \"Les fleuves de rose sont situ\u00e9s dans un vase.\" (The red roses are in a vase.)"
}